[
{"type":"header","version":"5.2.0","comment":"Export to JSON plugin for PHPMyAdmin"},
{"type":"database","name":"e_commerce_node"},
{"type":"table","name":"child_catagories","database":"e_commerce_node","data":
[
{"id":"1","sub_catagory_id":"1","child_catagory_title":"Fresh Vegetables","image":"fresh-vegetables.png","createdAt":"2022-10-30 04:49:10","updatedAt":"2022-10-30 04:49:10"},
{"id":"2","sub_catagory_id":"1","child_catagory_title":"Fresh Fruits","image":"fresh-fruits.png","createdAt":"2022-10-30 04:49:10","updatedAt":"2022-10-30 04:49:10"}
]
}
,{"type":"table","name":"products","database":"e_commerce_node","data":
[
{"id":"1","child_catagory_id":"1","product_title":"Deshi Peyaj (Local Onion) ± 50 gm","image":"deshi-peyaj-local-onion-50-gm-1-kg.png","price":"59","discounted_price":"55","quantity":"1 kg","rating":"4.46","createdAt":"2022-10-30 05:02:26","updatedAt":"2022-10-30 05:02:26"},
{"id":"2","child_catagory_id":"1","product_title":"Potato Regular (± 50 gm)","image":"potato-regular-50-gm-1-kg.png","price":"40","discounted_price":"30","quantity":"1 kg","rating":"3.56","createdAt":"2022-10-30 05:02:26","updatedAt":"2022-10-30 05:02:26"},
{"id":"3","child_catagory_id":"1","product_title":"Boro Alu (Big Diamond Potato) ± 50 gm","image":"boro-alu-big-diamond-potato-50-gm-1-kg.png","price":"40","discounted_price":"31","quantity":"1 kg","rating":"3.12","createdAt":"2022-10-30 05:02:26","updatedAt":"2022-10-30 05:02:26"},
{"id":"4","child_catagory_id":"1","product_title":"Kacha Morich (Green Chilli) ±12 gm","image":"kacha-morich-green-chilli-12-gm-250-gm.png","price":"30","discounted_price":"19","quantity":"250 gm","rating":"3.29","createdAt":"2022-10-30 05:02:26","updatedAt":"2022-10-30 05:02:26"},
{"id":"5","child_catagory_id":"1","product_title":"Coriander Leaves (Dhonia Pata) ± 10 gm","image":"coriander-leaves-dhonia-pata-10-gm-100-gm.png","price":"29","discounted_price":"19","quantity":"100 gm","rating":"4.89","createdAt":"2022-10-30 05:02:26","updatedAt":"2022-10-30 05:02:26"},
{"id":"6","child_catagory_id":"1","product_title":"Red Tomato ± 25 gm","image":"red-tomato-25-gm-500-gm.png","price":"79","discounted_price":"69","quantity":"500 gm","rating":"3.50","createdAt":"2022-10-30 05:02:26","updatedAt":"2022-10-30 05:02:26"},
{"id":"7","child_catagory_id":"1","product_title":"Roshun (Garlic Imported) ± 25 gm","image":"roshun-garlic-imported-25-gm-500-gm.png","price":"75","discounted_price":"65","quantity":"500 gm","rating":"4.14","createdAt":"2022-10-30 05:02:26","updatedAt":"2022-10-30 05:02:26"},
{"id":"8","child_catagory_id":"1","product_title":"Potol (Pointed Gourd) ± 25 gm","image":"potol-pointed-gourd-25-gm-500-gm.png","price":"35","discounted_price":"29","quantity":"500 gm","rating":"3.34","createdAt":"2022-10-30 05:02:26","updatedAt":"2022-10-30 05:02:26"},
{"id":"9","child_catagory_id":"1","product_title":"Peyaj (Onion Imported) Special Offer ± 100 gm","image":"peyaj-onion-imported-special-offer-100-gm-3-kg.png","price":"165","discounted_price":"149","quantity":"3 kg","rating":"4.81","createdAt":"2022-10-30 05:02:26","updatedAt":"2022-10-30 05:02:26"},
{"id":"10","child_catagory_id":"1","product_title":"Dheros (Ladies Finger) ± 25 gm","image":"dheros-ladies-finger-25-gm-500-gm.png","price":"35","discounted_price":"29","quantity":"500 gm","rating":"3.88","createdAt":"2022-10-30 05:02:26","updatedAt":"2022-10-30 05:02:26"},
{"id":"11","child_catagory_id":"1","product_title":"Lal Peyaj (Onion Red Imported) ± 50 gm","image":"lal-peyaj-onion-red-imported-50-gm-1-kg.png","price":"60","discounted_price":"55","quantity":"1 kg","rating":"4.56","createdAt":"2022-10-30 05:02:26","updatedAt":"2022-10-30 05:02:26"},
{"id":"12","child_catagory_id":"1","product_title":"Ada (Imported Ginger) ± 25 gm","image":"ada-imported-ginger-25-gm-500-gm.png","price":"100","discounted_price":"79","quantity":"500 gm","rating":"3.46","createdAt":"2022-10-30 05:02:26","updatedAt":"2022-10-30 05:02:26"},
{"id":"13","child_catagory_id":"1","product_title":"Deshi Shosha (Local Cucumber) ± 25 gm","image":"deshi-shosha-local-cucumber-25-gm-500-gm.png","price":"50","discounted_price":"39","quantity":"500 gm","rating":"3.29","createdAt":"2022-10-30 05:02:26","updatedAt":"2022-10-30 05:02:26"},
{"id":"14","child_catagory_id":"1","product_title":"Lal Shak (Red Spinach)","image":"lal-shak-red-spinach-1-bundle.png","price":"25","discounted_price":"","quantity":"1 bundle","rating":"4.22","createdAt":"2022-10-30 05:02:26","updatedAt":"2022-10-30 05:02:26"},
{"id":"15","child_catagory_id":"1","product_title":"Kacha Pepe (Green Papaya) ± 70 gm","image":"kacha-pepe-green-papaya-70-gm-14-kg.png","price":"49","discounted_price":"39","quantity":"1.4 kg","rating":"4.41","createdAt":"2022-10-30 05:02:26","updatedAt":"2022-10-30 05:02:26"},
{"id":"16","child_catagory_id":"1","product_title":"Lomba Lebu (Long Lemon)","image":"lomba-lebu-long-lemon-4-pcs.png","price":"35","discounted_price":"29","quantity":"4 pcs","rating":"4.57","createdAt":"2022-10-30 05:02:26","updatedAt":"2022-10-30 05:02:26"},
{"id":"17","child_catagory_id":"1","product_title":"Misti Kumra Fali (Sweet Pumpkin Slice) ± 40 gm","image":"misti-kumra-fali-sweet-pumpkin-slice-40-gm-1-kg.png","price":"49","discounted_price":"45","quantity":"1 kg","rating":"3.21","createdAt":"2022-10-30 05:02:26","updatedAt":"2022-10-30 05:02:26"},
{"id":"18","child_catagory_id":"1","product_title":"Lal Alu (Red Potato Cardinal) ± 50 gm","image":"lal-alu-red-potato-cardinal-50-gm-1-kg.png","price":"40","discounted_price":"35","quantity":"1 kg","rating":"3.93","createdAt":"2022-10-30 05:02:26","updatedAt":"2022-10-30 05:02:26"},
{"id":"19","child_catagory_id":"1","product_title":"Kolmi Shak (Water Spinach)","image":"kolmi-shak-water-spinach-1-bundle.png","price":"25","discounted_price":"15","quantity":"1 bundle","rating":"4.25","createdAt":"2022-10-30 05:02:26","updatedAt":"2022-10-30 05:02:26"},
{"id":"20","child_catagory_id":"1","product_title":"Fulkopi (Cauliflower)","image":"fulkopi-cauliflower-1-pcs.png","price":"65","discounted_price":"49","quantity":"each","rating":"3.30","createdAt":"2022-10-30 05:02:26","updatedAt":"2022-10-30 05:02:26"},
{"id":"21","child_catagory_id":"1","product_title":"Deshi Roshun (Garlic Local) ±25 gm","image":"deshi-roshun-garlic-local-25-gm-500-gm.png","price":"65","discounted_price":"55","quantity":"500 gm","rating":"3.82","createdAt":"2022-10-30 05:02:26","updatedAt":"2022-10-30 05:02:26"},
{"id":"22","child_catagory_id":"1","product_title":"Gajor (Imported Carrot) ± 30 gm","image":"gajor-imported-carrot-30-gm-600-gm.png","price":"99","discounted_price":"89","quantity":"600 gm","rating":"3.45","createdAt":"2022-10-30 05:02:26","updatedAt":"2022-10-30 05:02:26"},
{"id":"23","child_catagory_id":"1","product_title":"Deshi Ada (Local Ginger) ± 25 gm","image":"deshi-ada-local-ginger-25-gm-500-gm.png","price":"85","discounted_price":"75","quantity":"500 gm","rating":"3.65","createdAt":"2022-10-30 05:02:26","updatedAt":"2022-10-30 05:02:26"},
{"id":"24","child_catagory_id":"1","product_title":"Chichinga (Snake Gourd) ± 25 gm","image":"chichinga-snake-gourd-25-gm-500-gm.png","price":"35","discounted_price":"","quantity":"500 gm","rating":"4.31","createdAt":"2022-10-30 05:02:26","updatedAt":"2022-10-30 05:02:26"},
{"id":"25","child_catagory_id":"1","product_title":"Shosha (Cucumber) ± 25 gm","image":"shosha-cucumber-25-gm-500-gm.png","price":"40","discounted_price":"35","quantity":"500 gm","rating":"4.66","createdAt":"2022-10-30 05:02:26","updatedAt":"2022-10-30 05:02:26"},
{"id":"26","child_catagory_id":"1","product_title":"Borboti (Long Bean) ± 25 gm","image":"borboti-long-bean-25-gm-500-gm.png","price":"45","discounted_price":"39","quantity":"500 gm","rating":"3.05","createdAt":"2022-10-30 05:02:26","updatedAt":"2022-10-30 05:02:26"},
{"id":"27","child_catagory_id":"1","product_title":"Green Capsicum ± 15 gm","image":"green-capsicum-15-gm-300-gm.png","price":"135","discounted_price":"89","quantity":"300 gm","rating":"4.93","createdAt":"2022-10-30 05:02:26","updatedAt":"2022-10-30 05:02:26"},
{"id":"28","child_catagory_id":"1","product_title":"Lomba Kalo Begun (Long Brinjal Black) ± 25 gm","image":"lomba-kalo-begun-long-brinjal-black-25-gm-500-gm.png","price":"39","discounted_price":"35","quantity":"500 gm","rating":"4.54","createdAt":"2022-10-30 05:02:26","updatedAt":"2022-10-30 05:02:26"},
{"id":"29","child_catagory_id":"1","product_title":"Gol Lebu (Round Lemon)","image":"gol-lebu-round-lemon-4-pcs.png","price":"40","discounted_price":"29","quantity":"4 pcs","rating":"4.47","createdAt":"2022-10-30 05:02:26","updatedAt":"2022-10-30 05:02:26"},
{"id":"30","child_catagory_id":"1","product_title":"Kochur Mukhi (Taro Roots) ± 25 gm","image":"kochur-mukhi-taro-roots-25-gm-500-gm.png","price":"40","discounted_price":"35","quantity":"500 gm","rating":"4.92","createdAt":"2022-10-30 05:02:26","updatedAt":"2022-10-30 05:02:26"},
{"id":"31","child_catagory_id":"1","product_title":"Dhundhul (Sponge Gourd) ±20 gm","image":"dhundhul-sponge-gourd-20-gm-500-gm.png","price":"40","discounted_price":"35","quantity":"500 gm","rating":"4.10","createdAt":"2022-10-30 05:02:26","updatedAt":"2022-10-30 05:02:26"},
{"id":"32","child_catagory_id":"1","product_title":"Lau (Bottle Gourd)","image":"lau-bottle-gourd-1-pcs.png","price":"75","discounted_price":"65","quantity":"each","rating":"4.51","createdAt":"2022-10-30 05:02:26","updatedAt":"2022-10-30 05:02:26"},
{"id":"33","child_catagory_id":"1","product_title":"Palong Shak (Palong Spinach)","image":"palong-shak-palong-spinach-1-bundle.png","price":"35","discounted_price":"29","quantity":"1 bundle","rating":"3.89","createdAt":"2022-10-30 05:02:26","updatedAt":"2022-10-30 05:02:26"},
{"id":"34","child_catagory_id":"1","product_title":"Uchche (Local Bitter Gourd) ± 25 gm","image":"uchche-local-bitter-gourd-25-gm-500-gm.png","price":"55","discounted_price":"45","quantity":"500 gm","rating":"4.60","createdAt":"2022-10-30 05:02:26","updatedAt":"2022-10-30 05:02:26"},
{"id":"35","child_catagory_id":"1","product_title":"Kalo Gol Begun (Round Brinjals Black) ±35 gm","image":"kalo-gol-begun-round-brinjals-black-35-gm-700-gm.png","price":"85","discounted_price":"65","quantity":"700 gm","rating":"4.29","createdAt":"2022-10-30 05:02:26","updatedAt":"2022-10-30 05:02:26"},
{"id":"36","child_catagory_id":"1","product_title":"Korola (Bitter Gourd) ± 25 gm","image":"korola-bitter-gourd-25-gm-500-gm.png","price":"45","discounted_price":"39","quantity":"500 gm","rating":"3.76","createdAt":"2022-10-30 05:02:26","updatedAt":"2022-10-30 05:02:26"},
{"id":"37","child_catagory_id":"1","product_title":"Kagozi Lebu (Kagozi Lemon)","image":"kagozi-lebu-kagozi-lemon-4-pcs.png","price":"40","discounted_price":"29","quantity":"4 pcs","rating":"4.64","createdAt":"2022-10-30 05:02:26","updatedAt":"2022-10-30 05:02:26"},
{"id":"38","child_catagory_id":"1","product_title":"Kacha Kola (Banana Green)","image":"kacha-kola-banana-green-4-pcs.png","price":"45","discounted_price":"39","quantity":"4 pcs","rating":"4.60","createdAt":"2022-10-30 05:02:26","updatedAt":"2022-10-30 05:02:26"},
{"id":"39","child_catagory_id":"1","product_title":"Pui Shak (Pui Spinach)","image":"pui-shak-pui-spinach-1-bundle.png","price":"40","discounted_price":"29","quantity":"1 bundle","rating":"4.59","createdAt":"2022-10-30 05:02:26","updatedAt":"2022-10-30 05:02:26"},
{"id":"40","child_catagory_id":"1","product_title":"Lal Alu (Red Potato) ± 25 gm","image":"lal-alu-red-potato-25-gm-500-gm.png","price":"25","discounted_price":"20","quantity":"500 gm","rating":"4.25","createdAt":"2022-10-30 05:02:26","updatedAt":"2022-10-30 05:02:26"},
{"id":"41","child_catagory_id":"1","product_title":"Jali Kumra (Water Pumpkin)","image":"jali-kumra-water-pumpkin-1-pcs.png","price":"55","discounted_price":"49","quantity":"each","rating":"4.50","createdAt":"2022-10-30 05:02:26","updatedAt":"2022-10-30 05:02:26"},
{"id":"42","child_catagory_id":"1","product_title":"Kakrol (Sweet Bitter Gourd) ±25 gm","image":"kakrol-sweet-bitter-gourd-25-gm-500-gm.png","price":"39","discounted_price":"","quantity":"500 gm","rating":"3.52","createdAt":"2022-10-30 05:02:26","updatedAt":"2022-10-30 05:02:26"},
{"id":"43","child_catagory_id":"1","product_title":"Sobuj Gol Begun (Round Brinjals Green) ±35 gm","image":"sobuj-gol-begun-round-brinjals-green-35-gm-700-gm.png","price":"75","discounted_price":"55","quantity":"700 gm","rating":"4.33","createdAt":"2022-10-30 05:02:26","updatedAt":"2022-10-30 05:02:26"},
{"id":"44","child_catagory_id":"1","product_title":"Jhinga (Ridge Gourd) ±20 gm","image":"jhinga-ridge-gourd-20-gm-500-gm.png","price":"39","discounted_price":"","quantity":"500 gm","rating":"3.41","createdAt":"2022-10-30 05:02:26","updatedAt":"2022-10-30 05:02:26"},
{"id":"45","child_catagory_id":"1","product_title":"Kochur Loti (Stolon Of Taro) ± 25 gm","image":"kochur-loti-stolon-of-taro-25-gm-500-gm.png","price":"39","discounted_price":"","quantity":"500 gm","rating":"3.83","createdAt":"2022-10-30 05:02:26","updatedAt":"2022-10-30 05:02:26"},
{"id":"46","child_catagory_id":"1","product_title":"Data Shak (Data Spinach)","image":"data-shak-data-spinach-1-bundle.png","price":"25","discounted_price":"19","quantity":"1 bundle","rating":"3.90","createdAt":"2022-10-30 05:02:26","updatedAt":"2022-10-30 05:02:26"},
{"id":"47","child_catagory_id":"1","product_title":"Mula (Radish) ± 25 gm","image":"mula-radish-25-gm-500-gm.png","price":"40","discounted_price":"35","quantity":"500 gm","rating":"4.28","createdAt":"2022-10-30 05:02:26","updatedAt":"2022-10-30 05:02:26"},
{"id":"48","child_catagory_id":"1","product_title":"Pudina Pata (Mint Leaves) ± 10 gm","image":"pudina-pata-mint-leaves-10-gm-100-gm.png","price":"99","discounted_price":"35","quantity":"100 gm","rating":"3.91","createdAt":"2022-10-30 05:02:26","updatedAt":"2022-10-30 05:02:26"},
{"id":"49","child_catagory_id":"1","product_title":"Mula Shak (Radish Spinach)","image":"mula-shak-radish-spinach-1-bundle.png","price":"35","discounted_price":"19","quantity":"1 bundle","rating":"4.61","createdAt":"2022-10-30 05:02:26","updatedAt":"2022-10-30 05:02:26"},
{"id":"50","child_catagory_id":"1","product_title":"Beetroot ±25 gm","image":"beetroot-25-gm-500-gm.png","price":"125","discounted_price":"85","quantity":"500 gm","rating":"3.62","createdAt":"2022-10-30 05:02:26","updatedAt":"2022-10-30 05:02:26"},
{"id":"51","child_catagory_id":"1","product_title":"Pat Shak (Jute Spinach)","image":"pat-shak-jute-spinach-1-bundle.png","price":"25","discounted_price":"19","quantity":"1 bundle","rating":"4.13","createdAt":"2022-10-30 05:02:26","updatedAt":"2022-10-30 05:02:26"},
{"id":"52","child_catagory_id":"1","product_title":"Bombay Chilli","image":"bombay-chilli-5-pcs.png","price":"35","discounted_price":"29","quantity":"5 pcs","rating":"4.34","createdAt":"2022-10-30 05:02:26","updatedAt":"2022-10-30 05:02:26"},
{"id":"53","child_catagory_id":"1","product_title":"Lettuce Leaves ± 10 gm","image":"lettuce-leaves-10-gm-100-gm.png","price":"109","discounted_price":"45","quantity":"100 gm","rating":"3.62","createdAt":"2022-10-30 05:02:26","updatedAt":"2022-10-30 05:02:26"},
{"id":"54","child_catagory_id":"1","product_title":"Lau Shak (Sweet Bitter Melon Leaves)","image":"lau-shak-sweet-bitter-melon-leaves-1-bundle.png","price":"55","discounted_price":"39","quantity":"1 bundle","rating":"4.73","createdAt":"2022-10-30 05:02:26","updatedAt":"2022-10-30 05:02:26"},
{"id":"55","child_catagory_id":"1","product_title":"Peyaj Pata (Spring Onion) ± 12 gm","image":"peyaj-pata-spring-onion-12-gm-250-gm.png","price":"85","discounted_price":"55","quantity":"250 gm","rating":"3.87","createdAt":"2022-10-30 05:02:26","updatedAt":"2022-10-30 05:02:26"},
{"id":"56","child_catagory_id":"1","product_title":"Thankuni Pata (Pennywort Leaves)","image":"thankuni-pata-pennywort-leaves-1-bundle.png","price":"19","discounted_price":"9","quantity":"1 bundle","rating":"3.95","createdAt":"2022-10-30 05:02:26","updatedAt":"2022-10-30 05:02:26"},
{"id":"57","child_catagory_id":"1","product_title":"Misti Kumra (Sweet Pumpkin)","image":"misti-kumra-sweet-pumpkin-1-pcs.png","price":"100","discounted_price":"95","quantity":"each","rating":"3.42","createdAt":"2022-10-30 05:02:26","updatedAt":"2022-10-30 05:02:26"},
{"id":"58","child_catagory_id":"1","product_title":"Flat Bean (Sheem)","image":"flat-bean-sheem-500-gm.png","price":"79","discounted_price":"55","quantity":"500 gm","rating":"4.28","createdAt":"2022-10-30 05:02:26","updatedAt":"2022-10-30 05:02:26"},
{"id":"59","child_catagory_id":"1","product_title":"Red Capsicum ±12 gm","image":"red-capsicum-12-gm-250-gm.png","price":"209","discounted_price":"125","quantity":"250 gm","rating":"3.99","createdAt":"2022-10-30 05:02:26","updatedAt":"2022-10-30 05:02:26"},
{"id":"60","child_catagory_id":"1","product_title":"Kacha Holud (Raw Turmeric) ± 12 gm","image":"kacha-holud-raw-turmeric-12-gm-250-gm.png","price":"55","discounted_price":"45","quantity":"250 gm","rating":"4.48","createdAt":"2022-10-30 05:02:26","updatedAt":"2022-10-30 05:02:26"},
{"id":"61","child_catagory_id":"1","product_title":"Aloe Vera","image":"aloe-vera-1-pcs.png","price":"50","discounted_price":"35","quantity":"each","rating":"4.50","createdAt":"2022-10-30 05:02:26","updatedAt":"2022-10-30 05:02:26"},
{"id":"62","child_catagory_id":"1","product_title":"Bok Choy","image":"bok-choy-250-gm.png","price":"75","discounted_price":"","quantity":"250 gm","rating":"3.41","createdAt":"2022-10-30 05:02:26","updatedAt":"2022-10-30 05:02:26"},
{"id":"63","child_catagory_id":"1","product_title":"Baby Corn ± 25 gm","image":"baby-corn-25-gm-550-gm.png","price":"160","discounted_price":"129","quantity":"550 gm","rating":"3.05","createdAt":"2022-10-30 05:02:26","updatedAt":"2022-10-30 05:02:26"},
{"id":"64","child_catagory_id":"1","product_title":"Ol Kochu (Elephant Foot Yam) ± 25 gm","image":"ol-kochu-elephant-foot-yam-25-gm-500-gm.png","price":"45","discounted_price":"39","quantity":"500 gm","rating":"3.62","createdAt":"2022-10-30 05:02:26","updatedAt":"2022-10-30 05:02:26"},
{"id":"65","child_catagory_id":"1","product_title":"Paan (Betel Leaf) Half Bira","image":"paan-betel-leaf-half-bira-30-pcs.png","price":"59","discounted_price":"49","quantity":"30 pcs","rating":"3.22","createdAt":"2022-10-30 05:02:26","updatedAt":"2022-10-30 05:02:26"},
{"id":"66","child_catagory_id":"1","product_title":"Jaam Alu (Small Potato) ± 50 gm","image":"jaam-alu-small-potato-50-gm-1-kg.png","price":"79","discounted_price":"59","quantity":"1 kg","rating":"3.61","createdAt":"2022-10-30 05:02:26","updatedAt":"2022-10-30 05:02:26"},
{"id":"67","child_catagory_id":"1","product_title":"Lemon Grass Stalk ± 12 gm","image":"lemon-grass-stalk-12-gm-250-gm.png","price":"105","discounted_price":"59","quantity":"250 gm","rating":"4.32","createdAt":"2022-10-30 05:02:26","updatedAt":"2022-10-30 05:02:26"},
{"id":"68","child_catagory_id":"1","product_title":"Lomba Kochu","image":"lomba-kochu-1-pcs.png","price":"79","discounted_price":"","quantity":"each","rating":"4.05","createdAt":"2022-10-30 05:02:26","updatedAt":"2022-10-30 05:02:26"},
{"id":"69","child_catagory_id":"1","product_title":"Banana Flower (Kolar Mocha)","image":"banana-flower-kolar-mocha-1-pcs.png","price":"60","discounted_price":"49","quantity":"each","rating":"3.78","createdAt":"2022-10-30 05:02:26","updatedAt":"2022-10-30 05:02:26"},
{"id":"70","child_catagory_id":"1","product_title":"Yellow Capsicum ±15 gm","image":"yellow-capsicum-15-gm-300-gm.png","price":"249","discounted_price":"149","quantity":"300 gm","rating":"5.00","createdAt":"2022-10-30 05:02:26","updatedAt":"2022-10-30 05:02:26"},
{"id":"71","child_catagory_id":"1","product_title":"Badhakopi Pata (Chinese Cabbage Leaves) 150gm+","image":"badhakopi-pata-chinese-cabbage-leaves-150gm-1pcs.png","price":"50","discounted_price":"45","quantity":"each","rating":"3.80","createdAt":"2022-10-30 05:02:26","updatedAt":"2022-10-30 05:02:26"},
{"id":"72","child_catagory_id":"1","product_title":"Mehendi Pata (Henna Leaves)","image":"mehendi-pata-henna-leaves-3-bundles.png","price":"60","discounted_price":"49","quantity":"3 bundles","rating":"4.41","createdAt":"2022-10-30 05:02:26","updatedAt":"2022-10-30 05:02:26"},
{"id":"73","child_catagory_id":"1","product_title":"Thai Ada (Ginger Thai) ± 12 gm","image":"thai-ada-ginger-thai-12-gm-250-gm.png","price":"125","discounted_price":"69","quantity":"250 gm","rating":"3.12","createdAt":"2022-10-30 05:02:26","updatedAt":"2022-10-30 05:02:26"},
{"id":"74","child_catagory_id":"1","product_title":"Lomba Sheem (Mou Sheem)","image":"lomba-sheem-mou-sheem-500-gm.png","price":"60","discounted_price":"45","quantity":"500 gm","rating":"3.38","createdAt":"2022-10-30 05:02:26","updatedAt":"2022-10-30 05:02:26"},
{"id":"75","child_catagory_id":"1","product_title":"Mete Alu (Mud Potato) ± 25 gm","image":"mete-alu-mud-potato-25-gm-500-gm.png","price":"45","discounted_price":"","quantity":"500 gm","rating":"3.12","createdAt":"2022-10-30 05:02:26","updatedAt":"2022-10-30 05:02:26"},
{"id":"76","child_catagory_id":"2","product_title":"Shagor Kola (Banana Sagor)","image":"shagor-kola-banana-sagor-4-pcs.png","price":"45","discounted_price":"","quantity":"4 pcs","rating":"4.95","createdAt":"2022-10-30 05:03:43","updatedAt":"2022-10-30 05:03:43"},
{"id":"77","child_catagory_id":"2","product_title":"Banana Chompa (Ready To Eat)","image":"banana-chompa-ready-to-eat-4-pcs.png","price":"32","discounted_price":"25","quantity":"4 pcs","rating":"4.09","createdAt":"2022-10-30 05:03:43","updatedAt":"2022-10-30 05:03:43"},
{"id":"78","child_catagory_id":"2","product_title":"Daab (Green Coconut)","image":"daab-green-coconut-1-pcs.png","price":"119","discounted_price":"105","quantity":"each","rating":"4.68","createdAt":"2022-10-30 05:03:43","updatedAt":"2022-10-30 05:03:43"},
{"id":"79","child_catagory_id":"2","product_title":"Malta ± 50 gm","image":"malta-50-gm-1-kg.png","price":"249","discounted_price":"209","quantity":"1 kg","rating":"3.35","createdAt":"2022-10-30 05:03:43","updatedAt":"2022-10-30 05:03:43"},
{"id":"80","child_catagory_id":"2","product_title":"Guava Premium (± 50 gm)","image":"guava-premium-50-gm-1-kg.png","price":"95","discounted_price":"79","quantity":"1 kg","rating":"4.46","createdAt":"2022-10-30 05:03:43","updatedAt":"2022-10-30 05:03:43"},
{"id":"81","child_catagory_id":"2","product_title":"Banana Sobri","image":"banana-sobri-4-pcs.png","price":"55","discounted_price":"39","quantity":"4 pcs","rating":"4.91","createdAt":"2022-10-30 05:03:43","updatedAt":"2022-10-30 05:03:43"},
{"id":"82","child_catagory_id":"2","product_title":"Lal Angur (Red Grapes) ± 12 gm","image":"lal-angur-red-grapes-12-gm-250-gm.png","price":"109","discounted_price":"95","quantity":"250 gm","rating":"4.88","createdAt":"2022-10-30 05:03:43","updatedAt":"2022-10-30 05:03:43"},
{"id":"83","child_catagory_id":"2","product_title":"Green Apple ± 50 gm","image":"green-apple-50-gm-1-kg.png","price":"335","discounted_price":"289","quantity":"1 kg","rating":"4.39","createdAt":"2022-10-30 05:03:43","updatedAt":"2022-10-30 05:03:43"},
{"id":"84","child_catagory_id":"2","product_title":"Bangla Kola","image":"bangla-kola-4-pcs.png","price":"39","discounted_price":"35","quantity":"4 pcs","rating":"4.68","createdAt":"2022-10-30 05:03:43","updatedAt":"2022-10-30 05:03:43"},
{"id":"85","child_catagory_id":"2","product_title":"Anaros (Pineapple)","image":"anaros-pineapple-1-pcs.png","price":"99","discounted_price":"65","quantity":"each","rating":"4.88","createdAt":"2022-10-30 05:03:43","updatedAt":"2022-10-30 05:03:43"},
{"id":"86","child_catagory_id":"2","product_title":"Paka Pape ± 50 gm","image":"paka-pape-50-gm-1-kg.png","price":"129","discounted_price":"89","quantity":"1 kg","rating":"4.94","createdAt":"2022-10-30 05:03:43","updatedAt":"2022-10-30 05:03:43"},
{"id":"87","child_catagory_id":"2","product_title":"Amra (Hog Plum) ± 50 gm","image":"amra-hog-plum-50-gm-1-kg.png","price":"85","discounted_price":"65","quantity":"1 kg","rating":"4.84","createdAt":"2022-10-30 05:03:43","updatedAt":"2022-10-30 05:03:43"},
{"id":"88","child_catagory_id":"2","product_title":"Gala Apple ± 50 gm","image":"gala-apple-50-gm-1-kg.png","price":"299","discounted_price":"289","quantity":"1 kg","rating":"4.59","createdAt":"2022-10-30 05:03:43","updatedAt":"2022-10-30 05:03:43"},
{"id":"89","child_catagory_id":"2","product_title":"Dalim (Pomegranate)","image":"dalim-pomegranate-2-pcs.png","price":"300","discounted_price":"269","quantity":"2 pcs","rating":"3.15","createdAt":"2022-10-30 05:03:43","updatedAt":"2022-10-30 05:03:43"},
{"id":"90","child_catagory_id":"2","product_title":"Jambura (Pomelo)","image":"jambura-pomelo-1-pcs.png","price":"109","discounted_price":"","quantity":"each","rating":"4.03","createdAt":"2022-10-30 05:03:43","updatedAt":"2022-10-30 05:03:43"},
{"id":"91","child_catagory_id":"2","product_title":"China Fuji Apple ± 50 gm","image":"china-fuji-apple-50-gm-1-kg.png","price":"299","discounted_price":"","quantity":"1 kg","rating":"3.59","createdAt":"2022-10-30 05:03:43","updatedAt":"2022-10-30 05:03:43"},
{"id":"92","child_catagory_id":"2","product_title":"Narikel (Coconut)","image":"narikel-coconut-1-pcs.png","price":"129","discounted_price":"99","quantity":"each","rating":"4.86","createdAt":"2022-10-30 05:03:43","updatedAt":"2022-10-30 05:03:43"},
{"id":"93","child_catagory_id":"2","product_title":"Dragon Fruit Local (± 50 gm)","image":"dragon-fruit-local-50-gm-1-kg.png","price":"459","discounted_price":"389","quantity":"1 kg","rating":"3.10","createdAt":"2022-10-30 05:03:43","updatedAt":"2022-10-30 05:03:43"},
{"id":"94","child_catagory_id":"2","product_title":"Shada Nashpati (Pear White)","image":"shada-nashpati-pear-white-2-pcs.png","price":"179","discounted_price":"159","quantity":"2 pcs","rating":"4.63","createdAt":"2022-10-30 05:03:43","updatedAt":"2022-10-30 05:03:43"},
{"id":"95","child_catagory_id":"2","product_title":"Wood Apple (Kodbel)","image":"wood-apple-kodbel-1-pcs.png","price":"60","discounted_price":"49","quantity":"each","rating":"4.72","createdAt":"2022-10-30 05:03:43","updatedAt":"2022-10-30 05:03:43"},
{"id":"96","child_catagory_id":"2","product_title":"Komola (Orange) Imported ± 50 gm","image":"komola-orange-imported-50-gm-1-kg.png","price":"369","discounted_price":"349","quantity":"1 kg","rating":"4.30","createdAt":"2022-10-30 05:03:43","updatedAt":"2022-10-30 05:03:43"},
{"id":"97","child_catagory_id":"2","product_title":"Amloki (Amla) ± 12 gm","image":"amloki-amla-12-gm-250-gm.png","price":"80","discounted_price":"55","quantity":"250 gm","rating":"4.20","createdAt":"2022-10-30 05:03:43","updatedAt":"2022-10-30 05:03:43"},
{"id":"98","child_catagory_id":"2","product_title":"Chalta","image":"chalta-1-pcs.png","price":"39","discounted_price":"25","quantity":"each","rating":"3.31","createdAt":"2022-10-30 05:03:43","updatedAt":"2022-10-30 05:03:43"},
{"id":"99","child_catagory_id":"2","product_title":"Sobuj Nashpati (Pear Green)","image":"sobuj-nashpati-pear-green-2-pcs.png","price":"179","discounted_price":"","quantity":"2 pcs","rating":"3.43","createdAt":"2022-10-30 05:03:43","updatedAt":"2022-10-30 05:03:43"},
{"id":"100","child_catagory_id":"2","product_title":"Green Olives (Jolpai) ± 25 gm","image":"green-olives-jolpai-25-gm-500-gm.png","price":"59","discounted_price":"45","quantity":"500 gm","rating":"4.47","createdAt":"2022-10-30 05:03:43","updatedAt":"2022-10-30 05:03:43"},
{"id":"101","child_catagory_id":"2","product_title":"EZ Daab (Prime Coconut)","image":"ez-daab-prime-coconut-1-pcs.png","price":"120","discounted_price":"","quantity":"each","rating":"4.54","createdAt":"2022-10-30 05:03:43","updatedAt":"2022-10-30 05:03:43"},
{"id":"102","child_catagory_id":"2","product_title":"Avocado Fruit 470 gm (Net Weight ± 50 gm)","image":"avocado-fruit-470-gm-net-weight-50-gm-2-pcs.png","price":"649","discounted_price":"","quantity":"2 pcs","rating":"3.01","createdAt":"2022-10-30 05:03:43","updatedAt":"2022-10-30 05:03:43"},
{"id":"103","child_catagory_id":"2","product_title":"Australian Apple (± 50 gm)","image":"australian-apple-50-gm-1-kg.png","price":"250","discounted_price":"229","quantity":"1 kg","rating":"4.21","createdAt":"2022-10-30 05:03:43","updatedAt":"2022-10-30 05:03:43"}
]
}
,{"type":"table","name":"root_catagories","database":"e_commerce_node","data":
[
{"id":"1","root_catagory_title":"Food","image":null,"createdAt":"2022-10-30 04:11:45","updatedAt":"2022-10-30 04:11:45"}
]
}
,{"type":"table","name":"sequelizemeta","database":"e_commerce_node","data":
[
{"name":"20221027101124-create-root-catagory.js"},
{"name":"20221027110645-create-sub-catagory.js"},
{"name":"20221027110803-create-child-catagory.js"},
{"name":"20221027110804-create-products.js"}
]
}
,{"type":"table","name":"sub_catagories","database":"e_commerce_node","data":
[
{"id":"1","root_catagory_id":"1","sub_catagory_title":"Fruits & Vegetables","image":"fruits-vegetables.png","createdAt":"2022-10-30 04:48:23","updatedAt":"2022-10-30 04:48:23"},
{"id":"2","root_catagory_id":"1","sub_catagory_title":"Meat & Fish","image":"meat-fish.png","createdAt":"2022-10-30 04:48:23","updatedAt":"2022-10-30 04:48:23"},
{"id":"3","root_catagory_id":"1","sub_catagory_title":"Cooking","image":"cooking.png","createdAt":"2022-10-30 04:48:23","updatedAt":"2022-10-30 04:48:23"},
{"id":"4","root_catagory_id":"1","sub_catagory_title":"Sauces & Pickles","image":"sauces-pickles.png","createdAt":"2022-10-30 04:48:23","updatedAt":"2022-10-30 04:48:23"},
{"id":"5","root_catagory_id":"1","sub_catagory_title":"Dairy & Eggs","image":"dairy-eggs.png","createdAt":"2022-10-30 04:48:23","updatedAt":"2022-10-30 04:48:23"},
{"id":"6","root_catagory_id":"1","sub_catagory_title":"Breakfast","image":"breakfast.png","createdAt":"2022-10-30 04:48:23","updatedAt":"2022-10-30 04:48:23"},
{"id":"7","root_catagory_id":"1","sub_catagory_title":"Snacks","image":"snacks.png","createdAt":"2022-10-30 04:48:23","updatedAt":"2022-10-30 04:48:23"},
{"id":"8","root_catagory_id":"1","sub_catagory_title":"Beverages","image":"beverages.png","createdAt":"2022-10-30 04:48:23","updatedAt":"2022-10-30 04:48:23"},
{"id":"9","root_catagory_id":"1","sub_catagory_title":"Baking","image":"baking.png","createdAt":"2022-10-30 04:48:23","updatedAt":"2022-10-30 04:48:23"},
{"id":"10","root_catagory_id":"1","sub_catagory_title":"Frozen & Canned","image":"frozen-canned.png","createdAt":"2022-10-30 04:48:23","updatedAt":"2022-10-30 04:48:23"},
{"id":"11","root_catagory_id":"1","sub_catagory_title":"Candy & Chocolate","image":"candy-chocolate.png","createdAt":"2022-10-30 04:48:23","updatedAt":"2022-10-30 04:48:23"},
{"id":"12","root_catagory_id":"1","sub_catagory_title":"Diabetic Food","image":"diabetic-food.png","createdAt":"2022-10-30 04:48:23","updatedAt":"2022-10-30 04:48:23"}
]
}
]
